corridor,all_records,violations,exemptions,technical_rejections,dmv_rejections,exempt_reject_total,violation_share,exempt_reject_rate,exemption_rate,technical_reject_rate,dmv_reject_rate
AMSTERDAM AV,242024,116494,82452,22478,20600,125530,0.15222064113670902,0.5186675701583314,0.3406769576570919,0.09287508676825439,0.08511552573298516
BROADWAY,176846,87971,51172,22688,15015,88875,0.11495014353904431,0.5025558960903838,0.2893591034006989,0.12829241260757948,0.08490438008210534
3 AV,161240,74495,55635,18036,13074,86745,0.09734129364155354,0.5379868518977922,0.34504465393202677,0.11185809972711486,0.08108409823865045
W 125 ST,110178,70910,19458,11616,8194,39268,0.09265683780283994,0.35640508994536113,0.17660512988073845,0.10542939606818058,0.07437056399644212
1 AV,117840,58005,38454,11782,9599,59835,0.07579410346571332,0.507764765784114,0.32632382892057027,0.09998302783435166,0.08145790902919213
2 AV,116405,56238,37142,10485,12540,60167,0.07348519594353564,0.5168764228340706,0.31907564108070957,0.09007345045315923,0.10772733130020189
LEXINGTON AV,76833,37023,25420,8565,5825,39810,0.048377296657376154,0.5181367381203389,0.33084742233155023,0.111475537854828,0.07581377793396067
E 125 ST,37811,20263,11328,3744,2476,17548,0.0264773022761098,0.46409774933220493,0.29959535584882707,0.09901880405173098,0.06548358943164688
10 AV,29268,17195,3647,4436,3990,12073,0.02246840115667512,0.4124982916495832,0.12460707940412738,0.15156484898182315,0.13632636326363265
E 79 ST,31825,16928,11983,1572,1342,14897,0.02211951699797595,0.46809112333071484,0.37652788688138256,0.04939512961508248,0.042168106834249805
PEARL ST,32345,16439,11407,2362,2137,15906,0.021480549381481962,0.4917607049002937,0.3526665636110682,0.07302519709383212,0.06606894419539341
E 86 ST,30457,14124,12372,2203,1758,16333,0.018455579990513487,0.5362642413894999,0.40621203664182287,0.07233148373116197,0.057720721016515084
MADISON ST,27219,13112,11110,1376,1621,14107,0.017133217561286662,0.5182776736838238,0.4081707630699144,0.05055292259083728,0.059553988023072116
W 86 ST,23479,12395,8569,1414,1101,11084,0.016196326393543944,0.47208143447335915,0.364964436304783,0.060224029984241235,0.046892968184334936
E 14 ST,26247,10635,10746,3338,1528,15612,0.013896565647062513,0.5948108355240599,0.4094182192250543,0.12717643921210042,0.05821617708690517
5 AV,26552,10578,8754,4968,2252,15974,0.013822084759250331,0.6016119313046098,0.3296926785176258,0.18710454956312142,0.08481470322386261
MADISON AV,23658,9746,6743,5486,1683,13912,0.012734925133640926,0.5880463268239073,0.28501986642996024,0.23188773353622452,0.07113872685772255
ALLEN ST,12815,7269,2810,1781,955,5546,0.009498273219416776,0.4327740928599298,0.21927428794381584,0.1389777604369879,0.07452204447912603
DYCKMAN ST,11179,7206,1429,1531,1013,3973,0.009415952238150678,0.35539851507290454,0.12782896502370517,0.13695321585114947,0.09061633419804992
W 79 ST,13567,5882,5845,742,1098,7685,0.007685904949320329,0.5664479988206678,0.43082479545957103,0.0546915309206162,0.08093167244048058
FORT WASHINGTON AV,13436,5753,3203,3040,1440,7683,0.007517342940061179,0.5718219708246501,0.23838940160762132,0.22625781482584104,0.10717475439118786
W 42 ST,16042,5580,7477,2095,890,10462,0.007291286912139993,0.6521630719361675,0.4660890163321282,0.13059468894152848,0.05547936666251091
WATER ST,10030,5317,2820,1133,760,4713,0.006947629482410097,0.4698903290129611,0.2811565304087737,0.11296111665004985,0.07577268195413758
YORK AV,14404,5005,7559,825,1015,9399,0.006539944622806571,0.6525270758122743,0.5247847820049986,0.05727575673424049,0.07046653707303527
E 23 ST,12740,4531,5427,1210,1572,8209,0.0059205772399473664,0.6443485086342229,0.4259811616954474,0.09497645211930926,0.12339089481946625
FT GEORGE AV,7400,4317,1024,1377,682,3083,0.005640947240091102,0.41662162162162164,0.13837837837837838,0.18608108108108107,0.09216216216216216
SAINT NICHOLAS AV,8462,4051,2812,804,795,4411,0.00529336976363425,0.5212715670054361,0.33230914677381235,0.09501299929094777,0.09394942094067596
W 116 ST,6845,3913,1217,907,808,2932,0.0051130476141942275,0.4283418553688824,0.17779401022644267,0.1325054784514244,0.11804236669101534
E 116 ST,7003,3912,1654,850,587,3091,0.005111740931951909,0.44138226474368125,0.23618449236041697,0.12137655290589747,0.08382121947736684
W 23 ST,8731,3700,3513,1096,422,5031,0.0048347242965802815,0.5762226549077998,0.40235940900240524,0.12552972168136525,0.04833352422402932
W 34 ST,10550,3623,5576,606,745,6927,0.0047341097639217195,0.6565876777251185,0.5285308056872038,0.057440758293838864,0.07061611374407582
SOUTH FERRY TERM,6748,3573,1945,814,416,3175,0.00466877565180577,0.4705097806757558,0.28823355068168344,0.12062833432128038,0.06164789567279194
COLUMBUS AV,6595,3374,2523,370,328,3221,0.004408745885584289,0.48840030326004547,0.3825625473843821,0.056103108415466264,0.049734647460197116
AV A,5993,3019,1582,976,416,2974,0.003944873689561046,0.49624561988987154,0.26397463707658936,0.1628566661104622,0.06941431670281996
E 34 ST,8033,2928,3517,651,937,5105,0.0038259656055100177,0.6355035478650567,0.4378189966388647,0.08104070708328147,0.1166438441429105
SOUTH FERRY,4386,2873,1016,321,176,1513,0.003754098082182473,0.3449612403100775,0.23164614683082535,0.073187414500684,0.04012767897856817
ADAM C POWELL BLVD,6696,2841,1377,1607,871,3855,0.003712284250428265,0.5757168458781362,0.2056451612903226,0.23999402628434888,0.13007765830346477
GRAND ST,5684,2718,2215,435,316,2966,0.003551562334623029,0.5218156228008445,0.38969035890218157,0.07653061224489796,0.055594651653764954
W 81 ST,6002,2676,2762,263,301,3326,0.003496681680445631,0.5541486171276241,0.46017994001999335,0.04381872709096968,0.050149950016661116
E 42 ST,8038,2649,3732,1005,652,5389,0.003461401259903018,0.6704404080617069,0.46429460064692707,0.12503110226424483,0.08111470515053495
CENTRAL PARK NORTH,4490,2233,598,1367,292,2257,0.002917821447098316,0.5026726057906459,0.133184855233853,0.3044543429844098,0.06503340757238307
W 14 ST,6207,2118,2991,673,425,4089,0.0027675529892316315,0.6587723537941035,0.4818753020782987,0.10842597067826647,0.06847108103753827
ESSEX ST,3428,1693,1095,319,321,1735,0.002212213036246059,0.5061260210035006,0.3194282380396733,0.09305717619603267,0.09364060676779463
<MISSING STOP>,6039,1680,2828,613,918,4359,0.002195226167095912,0.7218082463984103,0.4682894518960093,0.10150687199867528,0.15201192250372578
EDGECOMBE AV,2310,1193,323,642,152,1117,0.001558871915086561,0.48354978354978356,0.13982683982683983,0.2779220779220779,0.0658008658008658
ASTOR PL,2042,1071,542,279,150,971,0.0013994566815236438,0.4755142017629775,0.2654260528893242,0.1366307541625857,0.07345739471106758
W 57 ST,2390,1021,503,618,248,1369,0.001334122569407694,0.5728033472803348,0.21046025104602512,0.2585774058577406,0.10376569037656903
CATHEDRAL PKWY,2183,944,509,613,117,1239,0.0012335080367491314,0.5675675675675675,0.2331653687585891,0.28080622995877236,0.053595968850206135
W 106 ST,1988,748,935,194,111,1240,0.0009773983172546084,0.6237424547283702,0.4703219315895372,0.09758551307847083,0.05583501006036217
E 96 ST,1970,725,790,291,164,1245,0.0009473446256812715,0.631979695431472,0.4010152284263959,0.14771573604060914,0.083248730964467
E 57 ST,1724,724,369,477,154,1000,0.0009460379434389524,0.580046403712297,0.2140371229698376,0.2766821345707657,0.08932714617169374
W 96 ST,1558,703,332,373,150,855,0.0009185976163502536,0.5487804878048781,0.21309370988446727,0.23940949935815148,0.0962772785622593
MANHATTAN AV,1380,672,431,168,109,708,0.0008780904668383647,0.5130434782608696,0.31231884057971016,0.12173913043478261,0.07898550724637682
E 126 ST,1931,571,1098,137,125,1360,0.0007461155603641462,0.7042982910409115,0.5686172967374418,0.0709476954945624,0.0647332988089073
E 84 ST,1034,525,368,75,66,509,0.0006860081772174725,0.4922630560928433,0.35589941972920697,0.0725338491295938,0.06382978723404255
W 168 ST,1536,498,630,312,96,1038,0.0006507277566748595,0.67578125,0.41015625,0.203125,0.0625
E 110 ST,1056,489,77,418,72,567,0.0006389676164939886,0.5369318181818182,0.07291666666666667,0.3958333333333333,0.06818181818181818
8 AV,791,483,188,74,46,308,0.0006311275230400747,0.3893805309734513,0.23767383059418457,0.09355246523388117,0.05815423514538559
E 120 ST,717,463,131,62,61,254,0.0006049938781936947,0.3542538354253835,0.18270571827057183,0.08647140864714087,0.08507670850767085
PARK AV SOUTH,944,369,294,203,78,575,0.0004821657474157092,0.6091101694915254,0.3114406779661017,0.21504237288135594,0.0826271186440678
E 24 ST,631,354,157,78,42,277,0.0004625655137809243,0.43898573692551507,0.24881141045958796,0.12361331220285261,0.06656101426307448
UNION SQ EAST,743,350,197,162,34,393,0.0004573387848116483,0.5289367429340511,0.2651413189771198,0.2180349932705249,0.04576043068640646
W 24 ST,540,331,105,68,36,209,0.0004325118222075874,0.387037037037037,0.19444444444444445,0.1259259259259259,0.06666666666666667
W 165 ST,805,313,218,202,72,492,0.00040899154184584547,0.6111801242236025,0.2708074534161491,0.25093167701863356,0.08944099378881988
HUDSON ST,780,308,358,74,40,472,0.0004024581306342505,0.6051282051282051,0.45897435897435895,0.09487179487179487,0.05128205128205128
FORT GEORGE AV,536,294,138,64,40,242,0.00038416457924178457,0.45149253731343286,0.2574626865671642,0.11940298507462686,0.07462686567164178
CENTRAL PARK WEST,489,280,130,56,23,209,0.00036587102784931864,0.4274028629856851,0.2658486707566462,0.11451942740286299,0.04703476482617587
12 AV,526,272,149,67,38,254,0.00035541756991076665,0.4828897338403042,0.2832699619771863,0.12737642585551331,0.07224334600760456
COOPER SQ,568,240,206,96,26,328,0.00031360373815655885,0.5774647887323944,0.3626760563380282,0.16901408450704225,0.045774647887323945
WEST END AV,991,227,315,322,127,764,0.0002966168690064119,0.7709384460141272,0.31786074672048437,0.3249243188698285,0.12815338042381433
E 8 ST,724,224,378,98,24,500,0.0002926968222794549,0.6906077348066298,0.5220994475138122,0.13535911602209943,0.03314917127071823
E 91 ST,341,203,78,40,20,138,0.00026525649519075603,0.4046920821114369,0.2287390029325513,0.11730205278592376,0.05865102639296188
86 ST TRANSVERSE,423,199,159,38,27,224,0.00026002976622148004,0.5295508274231678,0.375886524822695,0.08983451536643026,0.06382978723404255
4 AV,572,170,314,68,20,402,0.00022213598119422918,0.7027972027972028,0.548951048951049,0.11888111888111888,0.03496503496503497
W 166 ST,372,169,90,82,31,203,0.00022082929895191018,0.5456989247311828,0.24193548387096775,0.22043010752688172,0.08333333333333333
E 20 ST,405,168,171,43,23,237,0.00021952261670959118,0.5851851851851851,0.4222222222222222,0.10617283950617284,0.056790123456790124
E 92 ST,332,165,137,16,14,167,0.00021560256998263418,0.5030120481927711,0.4126506024096386,0.04819277108433735,0.04216867469879518
JACKSON ST,234,151,42,27,14,83,0.00019730901859016825,0.3547008547008547,0.1794871794871795,0.11538461538461539,0.05982905982905983
E 25 ST,295,146,30,110,9,149,0.0001907756073785733,0.5050847457627119,0.1016949152542373,0.3728813559322034,0.030508474576271188
E 97 ST,364,132,135,56,41,232,0.00017248205598610736,0.6373626373626373,0.3708791208791209,0.15384615384615385,0.11263736263736264
W 72 ST,576,126,140,269,41,450,0.0001646419625321934,0.78125,0.24305555555555555,0.4670138888888889,0.07118055555555555
EAST HOUSTON ST,234,115,88,22,9,119,0.00015026845786668443,0.5085470085470085,0.37606837606837606,0.09401709401709402,0.038461538461538464
E 32 ST,485,113,267,93,12,372,0.00014765509338204643,0.7670103092783506,0.5505154639175258,0.19175257731958764,0.024742268041237112
HOYT AV,329,112,160,21,36,217,0.00014634841113972746,0.6595744680851063,0.48632218844984804,0.06382978723404255,0.1094224924012158
UNIVERSITY AV,215,111,47,36,21,104,0.00014504172889740846,0.48372093023255813,0.2186046511627907,0.16744186046511628,0.09767441860465116
AV C,318,104,158,39,17,214,0.0001358949532011755,0.6729559748427673,0.4968553459119497,0.12264150943396226,0.05345911949685535
WADSWORTH AV,178,103,41,18,16,75,0.0001345882709588565,0.42134831460674155,0.2303370786516854,0.10112359550561797,0.0898876404494382
W 87 ST,252,101,123,22,6,151,0.0001319749064742185,0.5992063492063492,0.4880952380952381,0.0873015873015873,0.023809523809523808
W 181 ST,186,96,55,18,17,90,0.00012544149526262354,0.4838709677419355,0.2956989247311828,0.0967741935483871,0.0913978494623656
SEDGWICK AV,157,95,33,13,16,62,0.00012413481302030454,0.39490445859872614,0.21019108280254778,0.08280254777070063,0.10191082802547771
E 41 ST,709,79,567,34,29,630,0.00010322789714320061,0.8885754583921015,0.7997179125528914,0.047954866008462625,0.04090267983074753
E 79 ST TRANSVERSE,195,79,73,15,28,116,0.00010322789714320061,0.5948717948717949,0.37435897435897436,0.07692307692307693,0.14358974358974358
PLEASANT AV,119,74,20,9,16,45,9.669448593160564e-05,0.37815126050420167,0.16806722689075632,0.07563025210084033,0.13445378151260504
11 AV,480,73,268,41,98,407,9.538780368928664e-05,0.8479166666666667,0.5583333333333333,0.08541666666666667,0.20416666666666666
79 ST TRANSVERSE,127,66,50,7,4,61,8.624102799305368e-05,0.48031496062992124,0.3937007874015748,0.05511811023622047,0.031496062992125984
W 86 ST TRANSVERSE RD,135,63,54,9,9,72,8.23209812660967e-05,0.5333333333333333,0.4,0.06666666666666667,0.06666666666666667
ASTORIA BLVD,112,60,29,17,6,52,7.840093453913971e-05,0.4642857142857143,0.25892857142857145,0.15178571428571427,0.05357142857142857
RIVERDALE AV,102,57,28,9,8,45,7.448088781218272e-05,0.4411764705882353,0.27450980392156865,0.08823529411764706,0.0784313725490196
E 80 ST,132,51,60,14,7,81,6.664079435826875e-05,0.6136363636363636,0.45454545454545453,0.10606060606060606,0.05303030303030303
WATERSIDE PLAZA,145,49,68,10,18,96,6.402742987363077e-05,0.6620689655172414,0.4689655172413793,0.06896551724137931,0.12413793103448276
W 145 ST,77,41,24,5,7,36,5.3573971935078796e-05,0.4675324675324675,0.3116883116883117,0.06493506493506493,0.09090909090909091
E 55 ST,111,36,54,6,15,75,4.704056072348382e-05,0.6756756756756757,0.4864864864864865,0.05405405405405406,0.13513513513513514
DITMARS BLVD,45,31,10,3,1,14,4.050714951188885e-05,0.3111111111111111,0.2222222222222222,0.06666666666666667,0.022222222222222223
W 178 ST,43,30,3,5,5,13,3.9200467269569857e-05,0.3023255813953488,0.06976744186046512,0.11627906976744186,0.11627906976744186
WATERSIDE,103,30,53,11,9,73,3.9200467269569857e-05,0.7087378640776699,0.5145631067961165,0.10679611650485436,0.08737864077669903
WEST KINGSBRIDGE RD,47,27,9,6,5,20,3.528042054261287e-05,0.425531914893617,0.19148936170212766,0.1276595744680851,0.10638297872340426
HENRY HUDSON PKWY EAST,44,27,5,9,3,17,3.528042054261287e-05,0.38636363636363635,0.11363636363636363,0.20454545454545456,0.06818181818181818
AV D,63,26,24,5,8,37,3.3973738300293875e-05,0.5873015873015873,0.38095238095238093,0.07936507936507936,0.12698412698412698
E 60 ST,43,22,11,7,3,21,2.8747009331017893e-05,0.4883720930232558,0.2558139534883721,0.16279069767441862,0.06976744186046512
FERRY TERMINAL,49,22,19,3,5,27,2.8747009331017893e-05,0.5510204081632653,0.3877551020408163,0.061224489795918366,0.10204081632653061
W 18 ST,56,21,20,10,5,35,2.7440327088698898e-05,0.625,0.35714285714285715,0.17857142857142858,0.08928571428571429
23 AV,30,20,4,5,1,10,2.6133644846379902e-05,0.3333333333333333,0.13333333333333333,0.16666666666666666,0.03333333333333333
ASTORIA BLVD SOUTH,33,19,8,2,4,14,2.4826962604060907e-05,0.42424242424242425,0.24242424242424243,0.06060606060606061,0.12121212121212122
9 AV,49,17,25,7,0,32,2.2213598119422916e-05,0.6530612244897959,0.5102040816326531,0.14285714285714285,0.0
LAGUARDIA,34,17,8,8,1,17,2.2213598119422916e-05,0.5,0.23529411764705882,0.23529411764705882,0.029411764705882353
W 231 ST,31,17,12,2,0,14,2.2213598119422916e-05,0.45161290322580644,0.3870967741935484,0.06451612903225806,0.0
W 179 ST,25,15,6,2,2,10,1.9600233634784928e-05,0.4,0.24,0.08,0.08
FDR DR,43,15,14,7,7,28,1.9600233634784928e-05,0.6511627906976745,0.32558139534883723,0.16279069767441862,0.16279069767441862
FORT INDEPENDENCE ST,26,14,8,3,1,12,1.8293551392465933e-05,0.46153846153846156,0.3076923076923077,0.11538461538461539,0.038461538461538464
LGA INTERNAL RDWY,17,13,2,2,0,4,1.6986869150146937e-05,0.23529411764705882,0.11764705882352941,0.11764705882352941,0.0
E 10 ST,32,13,9,8,2,19,1.6986869150146937e-05,0.59375,0.28125,0.25,0.0625
JAY ST,22,11,8,2,1,11,1.4373504665508947e-05,0.5,0.36363636363636365,0.09090909090909091,0.045454545454545456
LGA,27,11,12,1,3,16,1.4373504665508947e-05,0.5925925925925926,0.4444444444444444,0.037037037037037035,0.1111111111111111
E 163 ST,14,11,3,0,0,3,1.4373504665508947e-05,0.21428571428571427,0.21428571428571427,0.0,0.0
W 155 ST,46,11,16,16,3,35,1.4373504665508947e-05,0.7608695652173914,0.34782608695652173,0.34782608695652173,0.06521739130434782
SOUTHERN BLVD,18,10,5,1,2,8,1.3066822423189951e-05,0.4444444444444444,0.2777777777777778,0.05555555555555555,0.1111111111111111
W 238 ST,23,9,3,7,4,14,1.1760140180870956e-05,0.6086956521739131,0.13043478260869565,0.30434782608695654,0.17391304347826086
DELANCEY ST,29,9,18,2,0,20,1.1760140180870956e-05,0.6896551724137931,0.6206896551724138,0.06896551724137931,0.0
MARGARET CORBIN DR,22,9,9,2,2,13,1.1760140180870956e-05,0.5909090909090909,0.4090909090909091,0.09090909090909091,0.09090909090909091
HOYT AV SOUTH,37,9,18,4,6,28,1.1760140180870956e-05,0.7567567567567568,0.4864864864864865,0.10810810810810811,0.16216216216216217
MARGINAL ST,22,7,6,6,3,15,9.146775696232966e-06,0.6818181818181818,0.2727272727272727,0.2727272727272727,0.13636363636363635
JACKSON AV,9,7,2,0,0,2,9.146775696232966e-06,0.2222222222222222,0.2222222222222222,0.0,0.0
TRIBORO BR,16,7,5,3,1,9,9.146775696232966e-06,0.5625,0.3125,0.1875,0.0625
EAST TREMONT AV,9,6,2,1,0,3,7.840093453913971e-06,0.3333333333333333,0.2222222222222222,0.1111111111111111,0.0
SUTTON PL,48,5,41,1,1,43,6.5334112115949755e-06,0.8958333333333334,0.8541666666666666,0.020833333333333332,0.020833333333333332
ASTORIA BLVD NORTH,9,5,2,1,1,4,6.5334112115949755e-06,0.4444444444444444,0.2222222222222222,0.1111111111111111,0.1111111111111111
79 ST TRANSVERSE RD,7,5,1,0,1,2,6.5334112115949755e-06,0.2857142857142857,0.14285714285714285,0.0,0.14285714285714285
W 97 ST,23,4,10,4,5,19,5.22672896927598e-06,0.8260869565217391,0.43478260869565216,0.17391304347826086,0.21739130434782608
W 239 ST,12,4,3,3,2,8,5.22672896927598e-06,0.6666666666666666,0.25,0.25,0.16666666666666666
SMITH ST,5,4,1,0,0,1,5.22672896927598e-06,0.2,0.2,0.0,0.0
LAGUARDIA RD,9,4,4,1,0,5,5.22672896927598e-06,0.5555555555555556,0.4444444444444444,0.1111111111111111,0.0
WHITE PLAINS RD,11,4,2,3,2,7,5.22672896927598e-06,0.6363636363636364,0.18181818181818182,0.2727272727272727,0.18181818181818182
MALCOLM X BLVD,860,4,579,48,229,856,5.22672896927598e-06,0.9953488372093023,0.6732558139534883,0.05581395348837209,0.26627906976744187
E 167 ST,6,4,2,0,0,2,5.22672896927598e-06,0.3333333333333333,0.3333333333333333,0.0,0.0
W 230 ST,7,4,1,0,2,3,5.22672896927598e-06,0.42857142857142855,0.14285714285714285,0.0,0.2857142857142857
E 161 ST,7,3,4,0,0,4,3.9200467269569855e-06,0.5714285714285714,0.5714285714285714,0.0,0.0
HENRY HUDSON PKWY WEST,13,3,3,3,4,10,3.9200467269569855e-06,0.7692307692307693,0.23076923076923078,0.23076923076923078,0.3076923076923077
BEDFORD AV,3,3,0,0,0,0,3.9200467269569855e-06,0.0,0.0,0.0,0.0
ASTORIA BL,3,3,0,0,0,0,3.9200467269569855e-06,0.0,0.0,0.0,0.0
FRANKLIN AV,8,3,4,1,0,5,3.9200467269569855e-06,0.625,0.5,0.125,0.0
E HOUSTON ST,5,2,2,0,1,3,2.61336448463799e-06,0.6,0.4,0.0,0.2
DRIGGS AV,2,2,0,0,0,0,2.61336448463799e-06,0.0,0.0,0.0,0.0
109 AV,8,2,2,4,0,6,2.61336448463799e-06,0.75,0.25,0.5,0.0
OLD FULTON ST,2,2,0,0,0,0,2.61336448463799e-06,0.0,0.0,0.0,0.0
LAGUARDIA AIRPORT,5,2,2,1,0,3,2.61336448463799e-06,0.6,0.4,0.2,0.0
KAPPOCK ST,3,2,0,1,0,1,2.61336448463799e-06,0.3333333333333333,0.0,0.3333333333333333,0.0
COLUMBIA ST,5,2,1,1,1,3,2.61336448463799e-06,0.6,0.2,0.2,0.2
GRAND CONCOURSE,9,2,4,0,3,7,2.61336448463799e-06,0.7777777777777778,0.4444444444444444,0.0,0.3333333333333333
W 225 ST,4,2,1,0,1,2,2.61336448463799e-06,0.5,0.25,0.0,0.25
WILLIAMSBURG BRIDGE PLAZA,2,2,0,0,0,0,2.61336448463799e-06,0.0,0.0,0.0,0.0
TILLARY ST,6,2,2,0,2,4,2.61336448463799e-06,0.6666666666666666,0.3333333333333333,0.0,0.3333333333333333
E 169 ST,2,2,0,0,0,0,2.61336448463799e-06,0.0,0.0,0.0,0.0
7 AV,160,2,122,8,28,158,2.61336448463799e-06,0.9875,0.7625,0.05,0.175
WEST FORDHAM RD,1,1,0,0,0,0,1.306682242318995e-06,0.0,0.0,0.0,0.0
WEST FARMS RD,2,1,0,1,0,1,1.306682242318995e-06,0.5,0.0,0.5,0.0
YORK ST,1,1,0,0,0,0,1.306682242318995e-06,0.0,0.0,0.0,0.0
EAST FORDHAM RD,3,1,0,1,1,2,1.306682242318995e-06,0.6666666666666666,0.0,0.3333333333333333,0.3333333333333333
BAY PLAZA BLVD,3,1,2,0,0,2,1.306682242318995e-06,0.6666666666666666,0.6666666666666666,0.0,0.0
94 ST,4,1,2,0,1,3,1.306682242318995e-06,0.75,0.5,0.0,0.25
MALL,1,1,0,0,0,0,1.306682242318995e-06,0.0,0.0,0.0,0.0
IRWIN AV,2,1,0,0,1,1,1.306682242318995e-06,0.5,0.0,0.0,0.5
GOLD ST,4,1,1,0,2,3,1.306682242318995e-06,0.75,0.25,0.0,0.5
E 149 ST,3,1,0,2,0,2,1.306682242318995e-06,0.6666666666666666,0.0,0.6666666666666666,0.0
E 168 ST,2,1,1,0,0,1,1.306682242318995e-06,0.5,0.5,0.0,0.0
E 79 ST TRANSVERSE RD,1,1,0,0,0,0,1.306682242318995e-06,0.0,0.0,0.0,0.0
W 54 ST,18,0,9,6,3,18,0.0,1.0,0.5,0.3333333333333333,0.16666666666666666
CENTRAL PARK SOUTH,110,0,85,2,23,110,0.0,1.0,0.7727272727272727,0.01818181818181818,0.20909090909090908
COLUMBUS CIRCLE,5,0,1,0,4,5,0.0,1.0,0.2,0.0,0.8
E 148 ST,3,0,3,0,0,3,0.0,1.0,1.0,0.0,0.0
EDWARD L GRANT HWY,1,0,0,0,1,1,0.0,1.0,0.0,0.0,1.0
EAST KINGSBRIDGE RD,1,0,1,0,0,1,0.0,1.0,1.0,0.0,0.0
W 147 ST,20,0,12,3,5,20,0.0,1.0,0.6,0.15,0.25
W FORDHAM RD,1,0,0,1,0,1,0.0,1.0,0.0,1.0,0.0
KINGSBRIDGE AV,1,0,1,0,0,1,0.0,1.0,1.0,0.0,0.0
LENOX AV,91,0,59,6,26,91,0.0,1.0,0.6483516483516484,0.06593406593406594,0.2857142857142857
6 AV,128,0,91,6,31,128,0.0,1.0,0.7109375,0.046875,0.2421875
PARKING RAMP,1,0,1,0,0,1,0.0,1.0,1.0,0.0,0.0
21 ST,2,0,2,0,0,2,0.0,1.0,1.0,0.0,0.0
HUNTS POINT AV,1,0,1,0,0,1,0.0,1.0,1.0,0.0,0.0
